-AG	http://www.agavegroup.com/photos/stuff/seanW/KitchenRemodel/OldKitchen1.jpg
-AG	http://www.agavegroup.com/photos/stuff/seanW/KitchenRemodel/OldKitchen2.jpg
-AG	http://www.agavegroup.com/photos/stuff/seanW/KitchenRemodel/OldKitchen3.jpg
-AG	http://www.agavegroup.com/photos/stuff/seanW/KitchenRemodel/Demolition/Demo5.jpg
-AG	http://www.agavegroup.com/photos/stuff/seanW/KitchenRemodel/Demolition/Demo3.jpg
-AG	http://www.agavegroup.com/photos/stuff/seanW/KitchenRemodel/Demolition/Demo4.jpg
-AG	http://www.agavegroup.com/photos/stuff/seanW/KitchenRemodel/VentsandWindows/OldVent.jpg
-AG	http://www.agavegroup.com/photos/stuff/seanW/KitchenRemodel/VentsandWindows/OnewVent.jpg
-AG	http://www.agavegroup.com/photos/stuff/seanW/KitchenRemodel/VentsandWindows/Windows.jpg
-AG	http://www.agavegroup.com/photos/stuff/seanW/KitchenRemodel/Drywall/DemoLights.jpg
-AG	http://www.agavegroup.com/photos/stuff/seanW/KitchenRemodel/Drywall/DrywallSean.jpg
-AG	http://www.agavegroup.com/photos/stuff/seanW/KitchenRemodel/Drywall/Drywall1.jpg
-AG	http://www.agavegroup.com/photos/stuff/seanW/KitchenRemodel/TileandMud/TmudSean.jpg
-AG	http://www.agavegroup.com/photos/stuff/seanW/KitchenRemodel/TileandMud/TileSean.jpg
-AG	http://www.agavegroup.com/photos/stuff/seanW/KitchenRemodel/TileandMud/TileSean2.jpg
-AG	http://www.agavegroup.com/photos/stuff/seanW/KitchenRemodel/TileandMud/TileDone2.jpg
-AG	http://www.agavegroup.com/photos/stuff/seanW/KitchenRemodel/Cabinets/Cabinets1.jpg
-AG	http://www.agavegroup.com/photos/stuff/seanW/KitchenRemodel/Cabinets/Cabinets3.jpg
-AG	http://www.agavegroup.com/images/agWork/worldSavingsLogo.gif
-AG	http://agavegroup.com/photoAlbums/sentryMt/slides/089.jpg
-AG	http://www.agavegroup.com/img/kungfukelley.gif
-AG	http://www.agavegroup.com/images/media/kickerSkins/finishedProduct.gif
-AG	http://www.agavegroup.com/agWork/telemarkTshirt/frontAndBack.gif
301	http://home.comcast.net/~seanwelch815/100_2589.JPG
301	http://home.comcast.net/~seanwelch815/100_2590.JPG
301	http://home.comcast.net/~seanwelch815/100_2586.JPG
301	http://home.comcast.net/~seanwelch815/EM1.jpg
301	http://home.comcast.net/~seanwelch815/814229531205_0_ALB.jpg
404	http://www.sfgate.com/personals/images/fp_20050330_64x64.jpg
404	http://www.sfgate.com/n/pictures/2007/03/28/babies1.jpg
301	http://lh5.google.com/image/tildendaniels/RnfmIg4zUaI/AAAAAAAAAAo/U3FG3IgPp6g/s400/aig-verte.jpg
301	http://lh6.google.com/image/tildendaniels/Rnfmlw4zUhI/AAAAAAAAABg/mwX3K6sqye8/s400/vallorcine7.jpg
301	http://lh6.google.com/image/tildendaniels/RnfmIw4zUcI/AAAAAAAAAA4/QLj5Vcx2-Ds/s400/vallorcine2.jpg
301	http://lh3.google.com/image/tildendaniels/RnfmJA4zUdI/AAAAAAAAABA/jZc0Sp3lILA/s400/vallorcine3.jpg
301	http://lh3.google.com/image/tildendaniels/RnfmmA4zUjI/AAAAAAAAABw/yUC5iJmJEdI/s400/vallorcine9.jpg
301	http://lh6.google.com/image/tildendaniels/Rnfm4w4zUmI/AAAAAAAAACI/8HrCvv7csc8/s400/vallorcine14.jpg
404	http://www.sfgate.com/n/pictures/2007/03/28/babies1.jpg
301	http://lh3.google.com/image/tildendaniels/RnfmJA4zUeI/AAAAAAAAABI/WHdOscbjX2U/s400/vallorcine4.jpg
301	http://lh6.google.com/image/tildendaniels/Rnfm4w4zUoI/AAAAAAAAACY/1WgoPoNxmTI/s400/vallorcine17.jpg
301	http://surfermag.com/magazine/archivedissues/mick_fanning-quik-pro250v.jpg
301	http://www.davidleeroth.com/page18.jpg
301	http://surfermag.com/magazine/archivedissues/mick_fanning-quik-pro250v.jpg
302	http://www.uselessjunk.com/modules/coppermine/albums/userpics/10002//whale_cock.jpg
404	http://www.sfgate.com/c/pictures/2006/11/05/ba_icerair_ask03.jpg
404	http://www.sfgate.com/c/pictures/2006/11/05/ba_icerair05_009_db.jpg
404	http://www.sfgate.com/c/pictures/2006/11/05/ba_icerair_ask07.jpg
301	http://norcalathletics.com/scooter1.jpg
301	http://norcalathletics.com/scooter2.jpg
301	http://norcalathletics.com/scooter3.jpg
301	http://www.evogear.com/images/inventory/fullsize/Product709-1.jpg
404	http://www.wienerschnitzel.com/wiener/images/wien-pastrami-web.jpg
301	http://www.ropers.com/photos/208.jpg
302	http://www.wonderfullywacky.com/albinobowler.jpg
301	http://www.evogear.com/images/inventory/fullsize/EVK13608-1.jpg
301	http://www.objectiveride.com/images/matos/fisher_fx106bigstix_04.jpg
301	http://www.lesschwab.com/freebeef/beefpacks.jpg
404	http://users.arczip.com/fwdixon/hbcost.gif
404	http://www.photoworkshop.com/double_exposure/uploads/beach_matkot_157.jpg
404	http://www.homevideos.com/freezeframes1122/bigtrouble104.jpeg
301	http://norcalathletics.com/images/praxis2/images/dsc00145.jpg
403	http://shop.npr.org/images/products/26/28775-80.jpg
301	http://www.norcalathletics.com/images/moose/images/dsc01878.jpg
301	http://www.norcalathletics.com/images/moose/images/dsc01882.jpg
301	http://www.norcalathletics.com/images/moose/images/dsc01888.jpg
301	http://www.norcalathletics.com/images/moose/images/dsc01890.jpg
301	http://www.norcalathletics.com/images/moose/images/dsc01893.jpg
301	http://www.norcalathletics.com/images/moose/images/dsc01891.jpg
301	http://www.norcalathletics.com/images/bishop/images/dsc01842.jpg
301	http://www.norcalathletics.com/images/bishop/images/dsc01838.jpg
301	http://www.norcalathletics.com/images/bishop/images/dsc01837.jpg
302	http://www.alpinetips.com/images/stretch-beetle.gif
404	http://www.glad.com/cms_images/prodshot_pressnseal.jpg
301	http://www.comedycentral.com/images/shows/tds/cast/tds_hodgman_m4.jpg
404	http://www.snownet.org/images/TunaDog/images/dsc00642.jpg
301	http://www.lehmans.com/images/us/shire/1065445.f.jpg
404	http://www.snownet.org/images/TunaDog/images/dsc00641.jpg
404	http://www.snownet.org/images/TunaDog/images/dsc00644.jpg
403	http://porktornado.diaryland.com/images/manowar.jpg
403	http://porktornado.diaryland.com/images/julie161.jpg
404	http://www.snownet.org/images/TunaDog/images/dsc00638.jpg
404	http://www.snownet.org/images/TunaDog/images/dsc00645.jpg
403	http://porktornado.diaryland.com/images/joyce1.jpg
403	http://porktornado.diaryland.com/images/jeff.jpg
301	http://www.thebackcountry.net/store/graphics/00000002/dawnb.jpg
301	http://www.doheth.co.uk/episodeguide/1f15.jpg
403	http://porktornado.diaryland.com/images/orleans1.jpg
403	http://porktornado.diaryland.com/images/tino1.jpg
403	http://porktornado.diaryland.com/images/tino1.jpg
403	http://porktornado.diaryland.com/images/tino1.jpg
302	http://www.mgear.com/item_images/mnfct2//common/karhu%20usa/m_190787_f05_000.jpg
302	http://www.altreel.com/images/Missing_Person.jpg
404	http://www.40ozmaltliquor.com/40ozbitch34.jpg
404	http://www.40ozmaltliquor.com/mdbbq04.jpg
302	http://www.naomisworld.com/images/Kristen%20as%20Gwen%20Stefani.jpg
302	http://www.naomisworld.com/images/Wallace%20as%20Cuba1.jpg
404	http://www.snownet.org/images/TunaDog/images/dsc00643.jpg
404	http://www.anysunglasses.com/Merchant2/graphics/00000001/ray_ban/as578/as578.gif
301	http://www.lebowskifest.com/images/Nixon_color_poster_new.jpg
301	http://www.adamandamanda.org/images/young-tele-skiier.jpg
302	http://www.geocities.com/emmettseltzer/scan0003.jpg
302	http://www.geocities.com/emmettseltzer/Golf2.jpg
302	http://www.geocities.com/emmettseltzer/Golf2.jpg
302	http://www.geocities.com/emmettseltzer/108-0834_IMG.JPG
302	http://www.geocities.com/emmettseltzer/dick-1.JPG
302	http://www.geocities.com/emmettseltzer/furniture.jpg
302	http://www.geocities.com/emmettseltzer/108-0836_IMG.JPG
302	http://www.geocities.com/emmettseltzer/108-0836_IMG.JPG
302	http://www.geocities.com/emmettseltzer/Golf2.jpg
503	http://us.ent1.yimg.com/images.launch.yahoo.com/000/010/425/10425570.jpg
301	http://www.ropers.com/photos/208.jpg
404	http://www.wasatchbeers.com/images/bottle-polygamy.jpg
302	http://www.swayzecrazy.com/3.jpg
404	http://www.monstervintage.com/merchandise/images/40/a/7740a.jpg
301	http://www.7-eleven.com/images/simpsons/7kem.gif
404	http://www.monstervintage.com/merchandise/images/40/a/7740a.jpg
301	http://upload.wikimedia.org/wikipedia/en/thumb/9/9c/Ace_live.jpg/200px-Ace_live.jpg
404	http://snownet.org/images/puppy.jpg
302	http://www.bentgear.com/images/LIF0027.jpg
404	http://www.electrabike.com/04/images/05bikes/main/str/05_str_20n.jpg
301	http://www.adamandamanda.org/images/super-tele-girl.jpg
403	http://a248.e.akamai.net/7/248/2041/931/store.apple.com/Catalog/US/Images/step2_imac17_beautyshot_051012.jpg
301	http://akamai.backcountrystore.com.edgesuite.net/images/items/medium/HEA0010.jpg
403	http://a248.e.akamai.net/7/248/2041/931/store.apple.com/Catalog/US/Images/step2_imac17_beautyshot_051012.jpg
301	http://akamai.backcountrystore.com.edgesuite.net/images/items/medium/BLD0602.jpg
302	http://www.plasmaconcepts.com/images/prod_display_199.jpg
301	http://upload.wikimedia.org/wikipedia/en/6/69/Kidsinclogo.gif
301	http://upload.wikimedia.org/wikipedia/en/7/78/Perfectstrangers.jpg
404	http://images.cafepress.com/product/93043189v2_240x240_Front.jpg
301	http://outdoorplay.com/store/product_images/enlarged/en_EHE_GHBIR.jpg
301	http://upload.wikimedia.org/wikipedia/en/e/e7/Babyonboard.gif
404	http://www.electrabike.com/04/images/05bikes/main/cls/05_cls_20n.jpg
301	http://upload.wikimedia.org/wikipedia/en/thumb/6/68/Poi_bagged.JPG/200px-Poi_bagged.JPG
404	http://www.risdonfoto.com/CR%20Web%20Photos/Weddings/horse%20shoe%20foot.jpg
404	http://www2.kenyon.edu/Depts/IPHS/Projects/pop.up/marilyn2.JPG
404	http://snownet.org/images/cowen06/images/img_1452_2.jpg
302	http://www.marmotmountainworks.com/c-images/raineyhamrdhf02.m.jpg
404	http://www.thesugarrevolution.com/images/100grand.gif
302	http://www.garmin.com/products/etrexVistac/graphics/pt-etrexVistacRF-LG.jpg
404	http://homepics.realtor.com/image1/http/helena/listings/large/045/101884.jpg
410	http://www.timbuk2.com/images/275/classic/category_cordura.jpg
301	http://www.latimes.com/media/photo/2007-01/27634843.jpg
404	http://i.cnn.net/cnn/2003/TECH/science/12/01/cambodia.catfish.ap/vert.mekong.catfish.jpg
302	http://www.nbc.com/American_Gladiators/images/bios/large/wolf.jpg
302	http://www.marmotmountainworks.com/c-images/atomtocoraf05.l.jpg
404	http://www.bcaccess.com/images/stash_bc_blue_250.jpg
404	http://www.bcaccess.com/images/stash_Alp40.jpg
404	http://snownet.org/images/cowen06/images/img_1457_4.jpg
403	http://porktornado.diaryland.com/images/cc.jpg
302	http://www.nbc.com/American_Gladiators/images/bios/large/justice.jpg
403	http://porktornado.diaryland.com/images/mckeithers1.jpg
403	http://porktornado.diaryland.com/images/mckeithers1.jpg
403	http://porktornado.diaryland.com/images/revwhite.jpg
404	http://www.starwars.com/databank/character/lobot/img/eu_sm.jpg
404	http://www.starwars.com/databank/character/lobot/img/movie_sm.jpg
404	http://snownet.org/images/cowen06/images/img_1488_2_1.jpg
404	http://snownet.org/images/cowen06/images/img_1463_7.jpg
404	http://snownet.org/images/cowen06/images/img_1493_3_1.jpg
404	http://snownet.org/images/cowen06/images/img_1499_8_1.jpg
404	http://www.spam.com/assets/hp/GoodGone3_animation.gif
503	http://rateyourmusic.com/album_images/12407.jpg
404	http://www.spam.com/sp/SPAMALOT.gif
503	http://rateyourmusic.com/album_images/23468.jpg
302	http://cover6.cduniverse.com/MuzeAudioArt/140/141615.jpg
503	http://rateyourmusic.com/album_images/23467.jpg
404	http://www.scarpa-us.com/2004/images/product/avant.jpg
503	http://rateyourmusic.com/album_images/224314.jpg
404	http://snownet.org/images/cowen06/images/img_1523_13_1.jpg
404	http://i.expansys.com/i/l/l104618.jpg
301	http://www.hilti.es/data/images/prodmedium/de00818.jpg
404	http://snownet.org/images/cowen06/images/img_1540_21_1.jpg
404	http://snownet.org/images/cowen06/images/img_1539_20_1.jpg
301	http://mammut.ch/mammut/images/products2006/240/flash_Coil.jpg
404	http://img.slate.com/media/1/123125/2065969/2111765/2113213/050228_ARC_Overstock.jpg
404	http://img.slate.com/media/1/123125/2065969/2111765/2113213/050228_ARC_Overstock.jpg
404	http://www.calendardates.com/Merchant2/graphics/00000001/trophyrackshirt.jpg
404	http://www.dyson.com/range/DC14-ALLFLOORS/1.jpg
301	http://www.bergsteigen.at/pic/b81708b1-2774-4f6e-97ab-9ac7d61675aa.jpg
404	http://www.kinkyfriedman.com/_img/flex_right/flex_kinky_af.jpg
403	http://media.bestprices.com/content/music/90/69397.jpg
404	http://www.joko13.net/pics/milliejacksonbacktotheshit.jpg
301	http://www.giant-bicycle.com/images/_upload_us/bikes/models/previews/2004/f04-Trance-2-final.jpg
404	http://snownet.org/images/cowen06/images/img_1566_1.jpg
404	http://snownet.org/images/cowen06/images/img_1573_5.jpg
404	http://snownet.org/images/cowen06/images/img_1580_9.jpg
404	http://snownet.org/images/cowen06/images/img_1577_6.jpg
404	http://snownet.org/images/cowen06/images/img_1593_16.jpg
301	http://msn.foxsports.com/mnt/afp/WC2006/xml/en/teams/images/bio/17347.jpg
301	http://msn.foxsports.com/mnt/afp/WC2006/xml/en/teams/images/bio/17789.jpg
301	http://www.xtrem.ro/uploads/skiboard(1).jpg
301	http://www.develey.de/images/produkte/senf_left.jpg
404	http://snownet.org/images/cowen06/images/img_1594_17.jpg
404	http://snownet.org/images/cowen06/images/img_1595_18.jpg
404	http://snownet.org/images/cowen06/images/img_1544_23_1.jpg
404	http://www.mtavalanche.com/data/images/1171833628.jpg
302	http://www.maui.net/~pbm/Graphics/LogoSubColorsDontRun2.jpg
404	http://www.spak.at/img/produkte/senf_gesamt__01.jpg
404	http://www.spak.at/img/produkte/senf_gesamt__01.jpg
404	http://www.thekatjaebsteinrevivalband.de/Neue_Dateien2/2002%20-%20Kirchenwurst%20mit%20scharfem%20Senf.jpg
302	http://www.geocities.com/emmettseltzer/img_1339.jpg
302	http://www.geocities.com/emmettseltzer/img_1338.jpg
301	http://www.marmotmountain.com/images/store-marmot.gif
302	http://www.geocities.com/emmettseltzer/img_1341.jpg
302	http://www.geocities.com/emmettseltzer/img_1340.jpg
302	http://www.geocities.com/emmettseltzer/img_1342.jpg
404	http://snownet.org/images/cowen06/images/img_1530_17_1.jpg
301	http://upload.wikimedia.org/wikipedia/commons/thumb/a/ad/Australia_Cairns_Koala.jpg/180px-Australia_Cairns_Koala.jpg
302	http://www.beercanbob.com/images/cat07108e.jpg
301	http://sfgate.com/c/pictures/2006/04/25/mn_carquinez.jpg
301	http://www.northernmountain.com/img/items/120/519015.jpg
404	http://www.sfgate.com/n/pictures/2006/04/12/india5.jpg
404	http://www.psppreferred.com/CB0805/GWCBLogo.jpg
404	http://www.retroduck.com/images/products/07/07-0445r.jpg
404	http://www.retroduck.com/images/products/07/07-0445l.jpg
301	http://www.sallyfrench.com/PAGES/_NEWS/Chicken-sm.jpg
404	http://www.cas-le-gag.ch/webgag/images/album_cours06/images/moiry11.jpg
404	http://www.cas-le-gag.ch/webgag/images/album_cours06/images/Pigne%206.jpg
301	http://i4.peapod.com/c/HP/HPVXZ.jpg
301	http://timstvshowcase.com/loveboa2.jpg
302	http://www.geocities.com/gisele56/dvd_hunter_s1.jpg
302	http://www.geocities.com/theparadisepage/img27.jpg
403	http://www.halloweencostumes4u.com/Merchant2/graphics/00000003/11784%20MOD_SR.jpg
302	http://www.geocities.com/cansouthhm001/hm001.jpg
302	http://www.geocities.com/cansouthhm004/hm004.gif
302	http://www.geocities.com/cansouth010/hm010.jpg
404	http://www.photofeatures.com/sammyhagar/images/prevs/h15005a.jpg
301	http://www.nouvelle-epicerie.fr/catalogint/images/2301.jpg
302	http://www.geocities.com/cansouthmsnbc/msnbc.jpg
302	http://www.geocities.com/cansouthbushnote001/bushnote001.jpg
302	http://www.geocities.com/cansouthpowell001/powell001.jpg
302	http://www.geocities.com/cansouthhm012/hm012.jpg
403	http://www.motorhead.ru/pics/1/nsat.jpg
404	http://tecfa.unige.ch/~nova/img/alu2.jpg
404	http://www.germanbbfan.com/Site/Pictures/Movies/Tron_58.jpg
404	http://www.sas.upenn.edu/~ttd/palacio-v-museo.jpg
404	http://www.sas.upenn.edu/~ttd/hombre-v-mujer.jpg
404	http://www.sas.upenn.edu/~ttd/bocaycana.jpg
404	http://www.sas.upenn.edu/~ttd/grandejamon.jpg
302	http://www.geocities.com/emmettseltzer/img_1298.jpg
302	http://www.geocities.com/emmettseltzer/img_1299.jpg
404	http://www.wonkette.com/politics/Cheneygun-thumb.jpg
404	http://www.sas.upenn.edu/~ttd/view-chablais.jpg
404	http://www.sas.upenn.edu/~ttd/auferrand.jpg
404	http://www.sas.upenn.edu/~ttd/brokenski2.jpg
404	http://www.sas.upenn.edu/~ttd/chalune.jpg
404	http://www.sas.upenn.edu/~ttd/brokenski3.jpg
404	http://www.sas.upenn.edu/~ttd/chalune2.jpg
302	http://www.geocities.com/emmettseltzer/img_1277.jpg
302	http://www.geocities.com/emmettseltzer/img_1295.jpg
302	http://www.geocities.com/emmettseltzer/photo_1.jpg
404	http://www.sfgate.com/c/pictures/2005/12/17/ho_petgifts17_mc_121.jpg
404	http://www.sfgate.com/c/pictures/2005/12/17/ho_pets17_015_rad.jpg
404	http://www.netglimse.com/images/movies/poster/ForrestGump1994.jpg
404	http://www.snownet.org/images/cold.jpg
404	http://www.snownet.org/images/cold2.jpg
404	http://www.mikedust.com/history/cromag_3.gif
404	http://www.mikedust.com/history/cromag_3.gif
302	http://www.geocities.com/jamie_monet/pwbrush.JPG
404	http://www.poolroomproducts.com/images/deadstroke/DS74.jpg
404	http://www.bigfoot4x4.com/photo-gallery/images/feb05_350.jpg
403	http://www.draytonsunderwear.com/images/238DUCheetah%20Silk%20knit%20Boxer%20Shorts.jpg
302	http://piclib.nhm.ac.uk/piclib/webimages/0/46000/900/46928_med.jpg
302	http://www.markrobertwahlberg.com/mwck.jpg
302	http://www.abercrombie.com/anf/onlinestore/collection/12650_01_l.jpg
301	http://upload.wikimedia.org/wikipedia/en/8/86/Georgeburns-85.jpg
301	http://groups.msn.com/_Secure/0OQDhBCEUATvrexnB9KRa4Xr3VfgDdkP!sSuUUxA7uRBqKqsXqjycTs*!BPlYIroaEu6l4LWkzgSXWzwrdKLBiz4SGWdG*nkn/Larson.JPG
301	http://upload.wikimedia.org/wikipedia/en/thumb/f/f5/Nog.jpg/200px-Nog.jpg
404	http://jeromard.free.fr/images/alien%20qui%20tient%20la%20terre.jpg
404	http://www.bearvalleyrealestate.com/Web%20Jills/CS-20lrvu.jpg
404	http://www.bearvalleyrealestate.com/Web%20Jills/CS-20lrdr2.jpg
404	http://www.bearvalleyrealestate.com/Web%20Jills/CS-20br1.jpg
404	http://www.bearvalleyrealestate.com/Web%20Jills/CS-20vu.jpg
404	http://www.bearvalleyrealestate.com/Web%20Jills/CS-20drki2.jpg
404	http://www.bearvalleyrealestate.com/Web%20Jills/CS-20lft.jpg
404	http://www.bearvalleyrealestate.com/Web%20Jills/CS-20br2.jpg
404	http://www.clearcreekdistillery.com/images/grappabottles.jpg
302	http://www.horizonsnackfoods.com/graphics/bottompieshome.gif
404	http://dailydave.webmelon.com/blogimages/webpic196.jpg
404	http://www.ateamshrine.co.uk/images/face3.jpg
404	http://www.northerner.com/prod_img/milko-mjukost-kott.jpg
301	http://www.acopausa.com/IMG/acopa_shoes_chameleon.jpg
404	http://www.sfgate.com/chronicle/pictures/2005/11/18/ba-220x223-schwarzen.jpg
404	http://www.he-man.org/news_images/BCI/S1V2_3D.jpg
301	http://upload.wikimedia.org/wikipedia/en/thumb/c/c0/114.jpg/250px-114.jpg
301	http://allearsnet.com/tp/mk/potc4.jpg
404	http://www.antiqueathlete.com/glove-spalding-1908-1.jpg
404	http://www.antiqueathlete.com/glove-spalding-1908-1.jpg
404	http://www.antiqueathlete.com/glove-spalding-1908-1.jpg
302	http://www.kincharbamin.com/SupportFiles/Images/1138/mtvjedi_r3_c1.jpg
404	https://www.marygreen.com/images-2001/swlarva.gif
404	https://www.marygreen.com/images-2001/smL21why.gif
404	https://www.marygreen.com/images-2001/swcocoon.gif
404	https://www.marygreen.com/images-2001/swadult.gif
301	http://www.rushlimbaugh.com/portraits.Par.0030.PortraitImageFile.gif
302	http://www.mulletmadness.com/images/celebrity-stamos.jpg
404	http://www.school-portal.co.uk/platforms/21415/24780/images/homepagephoto.jpg
404	http://www.school-portal.co.uk/platforms/21415/24780/images/homepagephoto.jpg
404	http://www.school-portal.co.uk/platforms/21415/24780/images/homepagephoto.jpg
404	http://www.sfgate.com/c/pictures/2005/10/28/dd_bands046mk.jpg
404	http://www.sfgate.com/n/pictures/2005/10/12/goat11.jpg
404	http://us.news3.yimg.com/us.i2.yimg.com/p/rids/20051114/i/ra3350286806.jpg
404	http://i.timeinc.net/skiing/content/images/slayitphotos/powder4l.jpg
301	http://akamai.backcountrystore.com.edgesuite.net/images/items/large/VOL0072/CMM178.jpg
404	http://www.michaelflatley.com/images/gallery/Image958_2.jpg
404	http://img.timeinc.net/skiing/content/images/gearfinder/skis/2005/3029l.jpg
404	http://i.timeinc.net/skiing/content/images/slayitphotos/bigmtn4l.jpg
301	http://www.onlyslippers.com/products/nix/tn_ns050.jpg
404	http://snownet.org/images/Tetons/images/img_0047.jpg
404	http://www.crooksandliars.com/images/2005/08/30/Bush-Guitar1.jpg
404	http://www.crooksandliars.com/images/2005/08/30/Bush-Guitar1.jpg
302	http://www.geocities.com/emmettseltzer/FatGuyonBike.jpg
301	http://shopping.yahoo.com/video/images/muze/dvd/sm/41/200641.jpg
301	http://sfgate.com/c/pictures/2005/08/05/nb_renaissance_7.jpg
404	http://www.livewrong.net/images/livewrong_t.jpg
301	http://www.marshmallowpeeps.com/images/about/peeps_all_seasons/peep1.jpg
410	http://www.rush.com/php/media/gallery/70s.jpg
404	http://images.netgrocer.com/jpegs/441160.jpg
404	http://images.netgrocer.com/jpegs/mwg222169.jpg
404	http://images.netgrocer.com/jpegs/4400000191.jpg
404	http://www.sonoma-marinfair.org/images/Heather_Peoples_holds_Archie_180.jpg
404	http://images.netgrocer.com/jpegs/mwg227611.jpg
404	http://images.netgrocer.com/jpegs/4400000683.jpg
404	http://images.netgrocer.com/jpegs/mwg310740.jpg
301	http://sfgate.com/c/pictures/2005/07/01/mn_thai_giantcatfish.jpg
301	http://sfgate.com/c/pictures/2005/07/01/mn_forehead_sale_utsal5.jpg
404	http://snownet.org/images/mtblack/images/dsc00879.jpg
404	http://snownet.org/images/mtblack/images/dsc00901.jpg
404	http://snownet.org/images/mtblack/images/dsc00915.jpg
404	http://snownet.org/images/mtblack/images/dsc00919.jpg
404	http://www.snownet.org/images/rodeo/bull.jpg
404	http://www.snownet.org/images/rodeo/sheep.jpg
404	http://www.snownet.org/images/rodeo/bull2.jpg
404	http://www.robocoparchive.com/char/splash-robocop1.jpg
404	http://snownet.org/images/mtblack/images/dsc00903.jpg
302	http://www.kenwoodpillowfights.com/images/kenwoodphoto.jpg
302	http://www.kenwoodpillowfights.com/images/pillowfighting.gif
301	http://www.whitehouse.gov/history/presidents/images/jc39.gif
302	http://customwheel.com/custom_wheels/images/b26_escallade_1024.jpg
301	http://www.wendys.com/food/images/nutrition/family_food.jpg
301	http://store.officeworld.com/ProductImages/united/standard/YJRV0015.JPG
404	http://snownet.org/images/GranitePeak/images/dsc00804.jpg
301	http://msn.foxsports.com/id/3414008_7_3.jpg
404	http://snownet.org/images/GranitePeak/images/dsc00819.jpg
404	http://snownet.org/images/GranitePeak/images/dsc00844.jpg
404	http://snownet.org/images/GranitePeak/images/granite-peak.jpg
301	http://home.comcast.net/~seanwelch815/SPCar.jpg
404	http://snownet.org/images/GNP/images/dsc00729.jpg
404	http://snownet.org/images/GNP/images/dsc00744.jpg
404	http://snownet.org/images/GNP/images/dsc00754.jpg
404	http://snownet.org/images/GNP/images/dsc00749.jpg
404	http://snownet.org/images/GNP/images/dsc00756.jpg
404	http://snownet.org/images/GNP/images/dsc00769.jpg
404	http://snownet.org/images/AvyGulch/images/dsc007101.jpg
404	http://snownet.org/images/AvyGulch/images/dsc007121.jpg
302	http://www.disneyhall.org/images/tours_hp1.jpg
301	http://www.faucet.com/prodimages//moen/RT4560.sm.gif
301	http://www.faucet.com/prodimages//moen/T4560.sm.gif
301	http://www.faucet.com/prodimages//pfister/H43128.sm.gif
301	http://www.faucet.com/prodimages//pfister/42AMVC.sm.gif
301	http://www.faucet.com/prodimages//moen/4621.sm.gif
301	http://www.faucet.com/prodimages//moen/4621.sm.gif
301	http://www.faucet.com/prodimages//pfister/H43128.sm.gif
301	http://www.faucet.com/prodimages//pfister/42AMVC.sm.gif
404	http://www.extraugly.com/images/designs/0068_WHT.gif
404	http://www.extraugly.com/images/designs/0042_WHT.gif
404	http://www.extraugly.com/images/designs/0059_WHT.gif
404	http://www.cowboytroy.com/images/ct_wallpaper02_thb.jpg
301	http://faucet.com/prodimages//kohler/K7914-4CP.jpg
301	http://www.anheuser-busch.com/images/news/BE10ozcan.jpg
301	http://www.bluejean.com.tr/nevarneyok/01898/imperiaflex_0_25_0.jpg
302	http://alpha.luc.ac.be/~lucp1265/bart.gif
404	http://arti.vub.ac.be/~bartdv/bartdv2.jpg
404	http://arti.vub.ac.be/%7Ebartj/bart.jpg
404	http://snownet.org/images/Hyalie2/Hyalie2/images/img_0080.jpg
403	http://bushfordummies.com/img/bush_gun.jpg
301	http://www.eonline.com/News/Specials/Jackson/Actors/Images/act.kennedy.jpg
301	http://www.carrottop.com/newcarrot/images/McDonalds1.jpg
301	http://www.carrottop.com/newcarrot/images/McDonalds1.jpg
301	http://www.carrottop.com/newcarrot/photoplay/images/fans/fan5.jpg
302	http://www.geocities.com/Hollywood/Bungalow/3458/ts4lg.jpg
301	http://styleweekly.com/graphics/articles/ARTcarrottopopRedhair.jpg
404	http://www.fortunecity.com/lavender/shaft/24/photos/twelve/c5.jpg
302	http://www.isye.gatech.edu/people/faculty/John_Bartholdi/misc/elevators/images/nus-small.jpg
302	http://www.geocities.com/emmettseltzer/Burt.jpg
302	http://www.garnersclassics.com/pics/posters/smokey.jpg
404	http://a904.g.akamai.net/7/904/506/v0011/images.autobytel.com/cyber/186027/i1533_1.jpg
302	http://www.specialtysdirect.com/images/products/sandwich_chefs_the_cobb_lg.jpg
404	http://www.vh1.com/shared/media/images/artist/p/pet_shop_boys/canon/545_426x104.jpg
404	http://www.vh1.com/shared/media/images/artist/p/pet_shop_boys/canon/545_426x104.jpg
404	http://www.lepconnie.com/pics/lep/lep4p004.jpg
301	http://www.skileb.com/ACEimages/Travelogues/PowderGuide/000350.jpg
301	http://www.skileb.com/ACEimages/Travelogues/PowderGuide/000343.jpg
403	http://www.americanrhetoric.com/images/michaeldouglaswallstreetcolor.JPG
404	http://www.jimmy.org/images/js/jimmy_headshot_color_fuzzed.gif
301	http://www.blackfootriverbrewing.com/media/growlers.jpg
404	http://www.snownet.org/images/nelson.jpg
404	http://www.sfgate.com/n/pictures/2005/01/25/forehead11.jpg
301	http://hometown.aol.com/jeannegj/images/bluesnsbutton.jpg
302	http://www.geocities.com/MotorCity/Speedway/1151/OK/SA-OK-1982ND.jpg
302	http://www.geocities.com/MotorCity/Speedway/1151/OK/SA-OK-1989ND.jpg
302	http://www.geocities.com/MotorCity/Speedway/1151/OK/SA-OK-1967.jpg
404	http://i.cnn.net/cnn/2002/ALLPOLITICS/10/29/cockfight.election/story.smith.jpg
404	http://img.photobucket.com/albums/v501/QueenofSky/posing5.jpg
404	http://img.photobucket.com/albums/v501/QueenofSky/posing2.jpg
403	http://objective.jesussave.us/godlyusflag.gif
404	http://www.britex.com.au/pics/OmegaPod.JPG
404	http://www.britex.com.au/pics/GuardianPod.JPG
404	http://www.britex.com.au/pics/whut.JPG
404	http://i.a.cnn.net/cnn/2005/US/01/16/nailgun.accident.ap/story.xray.kusa.jpg
404	http://www.bigbadtoystore.com/images/joe199big.jpg
404	http://www.bigbadtoystore.com/images/joe199big.jpg
301	http://home.comcast.net/~e.seltzer/FurGuy2.jpg
301	http://home.comcast.net/~e.seltzer/FurGuy1.jpg
302	http://www.alpinetips.com/images/binding.jpg
301	http://www.solutionscatalog.com/images//product/family/68416.jpg
301	http://arnoldaerial.com/images/gallery/v_marathons.gif
301	http://www.celebstation.org/actors/david_hasselhoff/David_Hasselhoff-003.jpg
403	http://s7ondemand1.scene7.com/is/image/Anthropologie/48008_frt?$main265x295$
302	http://images.google.com/images?q=tbn:mpRiSGgqhG8J:http://nypost.com/photos/news03140405a.jpg
503	http://a.abc.com/primetime/desperate/images/bios/bio_cross.jpg
503	http://a.abc.com/primetime/desperate/images/bios/bio_longoria.jpg
503	http://a.abc.com/primetime/desperate/images/bios/bio_hatcher.jpg
301	http://home.comcast.net/~e.seltzer/107-0734_IMG.JPG
301	http://home.comcast.net/~e.seltzer/107-0739_IMG.JPG
301	http://www.solutionscatalog.com/images//product/family/67245.jpg
301	http://www.solutionscatalog.com/images//product/family/68468.jpg
301	http://www.dvdtimes.co.uk/images/davef/alienquad/aliens_35.jpg
403	http://www.jonessoda.com/gifs5/turkey04_09.jpg
404	http://www.ateamshrine.co.uk/images/murdock2.jpg
404	http://www.ateamshrine.co.uk/images/murdock1.jpg
301	http://mirror05.burton.com/images/burton/gear/pp/B5040307.jpg
302	http://www.scskate.com/snow/boards/images/gd_benussi.gif
302	http://alpinetips.com/images/tjizzle2.JPG
302	http://stuff.ubersite.com/1087915302682721830/1/leakage.jpg
302	http://www.SpecialtysDirect.com/images/products/sandwich_chefs_the_cobb_lg.jpg
404	http://www.cc.gatech.edu/~jbp/PortSit.jpg
404	http://www.cc.gatech.edu/~jbp/DeathToFuzzyManSM.jpg
404	http://www.cc.gatech.edu/~jbp/PortLazy.jpg
404	http://www.cc.gatech.edu/~jbp/PortSniff.jpg
404	http://www.cc.gatech.edu/~jbp/Beer.jpg
404	http://www.cc.gatech.edu/~jbp/Gilligan.jpg
404	http://www.cc.gatech.edu/~jbp/PortWatch.jpg
404	http://www.cc.gatech.edu/~jbp/PortWalk.jpg
404	http://www.bart.gov/images/logo.gif
404	http://www.gosh.org/about_us/peterpan/images/photo03_lrg.jpg
503	http://a.abc.com/primetime/desperate/images/bios/bio_huffman.jpg
406	http://www.vermontbrewery.com/TroyBeachedCropped-70%25-2Growlers.jpg
504	http://a1072.g.akamai.net/f/1072/2062/1d/gallery.rei.com//big/chips/714105_9996.jpg
504	http://a1072.g.akamai.net/f/1072/2062/1d/gallery.rei.com/regularimages/711510.jpg
504	http://a1072.g.akamai.net/f/1072/2062/1d/gallery.rei.com//big/chips/715657_9996.jpg
504	http://a1072.g.akamai.net/f/1072/2062/1d/gallery.rei.com/regular/chips/717356_192.jpg
